INSERT INTO HOSPITAL VALUES ( '2629992', 'ESPERANCA', '1111111', 'RUA A 111');

INSERT INTO HOSPITAL VALUES ( '3998223', 'HOPE', '22222222', 'RUA B 222');

INSERT INTO HOSPITAL VALUES ( '2278221', 'HAPVIDA', '33333333', 'RUA C 333');


INSERT INTO ATENDENTE VALUES ( '87359643105', '022', 'MARIA', TO_DATE('1985/04/02','YYYY/MM/DD'), '2629992');

INSERT INTO ATENDENTE VALUES ( '24680975321', '021', 'JOAO', TO_DATE('1995/03/01','YYYY/MM/DD'), '3998223');

INSERT INTO ATENDENTE VALUES ( '98765432100', '023', 'LUCIA', TO_DATE('1989/06/02','YYYY/MM/DD'), '2278221');

INSERT INTO ATENDENTE VALUES ( '12345678902', '025', 'JULIA', TO_DATE('1991/08/05','YYYY/MM/DD'), '3998223');


INSERT INTO PACIENTE VALUES ('08312141120', 'JOSE', TO_DATE('1990/10/06','YYYY/MM/DD'), '87359643105','M');

INSERT INTO PACIENTE VALUES ( '42443175200', 'LETICIA', TO_DATE('1995/02/09','YYYY/MM/DD'), '24680975321','F');

INSERT INTO PACIENTE VALUES ( '93404739817', 'ANA', TO_DATE('2005/02/20','YYYY/MM/DD'), '98765432100','F');

INSERT INTO PACIENTE VALUES ( '93404739500', 'GUILHERME', TO_DATE('2002/02/10','YYYY/MM/DD'), '12345678902','M');


INSERT INTO ENFERMEIRO VALUES ( '28859793211', 'OBSTETRA', 'LUCIO', TO_DATE('1992/05/03','YYYY/MM/DD'), '2629992');

INSERT INTO ENFERMEIRO VALUES ( '16041586544', 'PEDIATRA', 'MATEUS', TO_DATE('1980/02/10','YYYY/MM/DD'), '3998223');

INSERT INTO ENFERMEIRO VALUES ( '56793012371', 'OBSTETRA', 'ANTONIO', TO_DATE('1995/04/02','YYYY/MM/DD'), '2278221');



INSERT INTO MEDICO VALUES ( '87654321901', 'CATARINA', TO_DATE('1965/08/02','YYYY/MM/DD'), 'CARDIOLOGISTA', NULL , '2629992');

INSERT INTO MEDICO VALUES ( '10293847560', 'FERNANDO', TO_DATE('1995/06/01','YYYY/MM/DD'), 'NEUROLOGISTA', NULL , '3998223');

INSERT INTO MEDICO VALUES ( '65432109876', 'CAROL', TO_DATE('1982/07/09','YYYY/MM/DD'), 'OBSTETRA', '10293847560', '2629992');

INSERT INTO MEDICO VALUES ( '98765432109', 'LUCIANO', TO_DATE('1992/04/15','YYYY/MM/DD'), 'PEDIATRA', '10293847560' , '2629992');

INSERT INTO MEDICO VALUES ( '20394857601', 'DANIELA', TO_DATE('1987/03/19','YYYY/MM/DD'), 'OBSTETRA', '87654321901', '3998223');

INSERT INTO MEDICO VALUES ( '38475601982', 'PATRICIA', TO_DATE('1988/12/23','YYYY/MM/DD'), 'PEDIATRA', '87654321901', '2629992');
